workerid,utterance,assignmentid,worktimeinseconds,source_model_name,source_object_class,source_dataset,target_model_name,target_object_class,target_dataset,is_patched,target_uid,source_uid,hard_context,target_original_object_class,source_original_object_class,saliency,tokens,tokens_len,utterance_spelled,target_unary_split,source_unary_split,listening_split,changeit_split,tokens_encoded
user_266,It looks like a bottle vase.,3KB8R4ZV1G08KQ4PH4XKV876FS7BG6,68,noisy_pc_vase_0103_sigma_0.055,vase,ModelNet,vase_0402,vase,ModelNet,FALSE,vase/ModelNet/vase_0402,100pcPerClassOutput/vase/sigma_0.055/noisy_pc_vase_0103_sigma_0.055.npz,FALSE,vase,vase,0,"['it', 'looks', 'like', 'a', 'bottle', 'vase']",6,it looks like a bottle vase,train,test,train,test,"[1, 23, 33, 35, 26, 577, 534, 2, 0, 0, 0, 0, 0, 0, 0, 0, 0, 0]"
user_266,The footprint is bigger.,3FTOP5WARHHHR5RGRULY8433GGW0JI,50,noisy_pc_e51ccd45d54c9f4225e65d4b5f3b6456_sigma_0.055,vase,ShapeNet,vase_0253,vase,ModelNet,FALSE,vase/ModelNet/vase_0253,100pcPerClassOutput/vase/sigma_0.055/noisy_pc_e51ccd45d54c9f4225e65d4b5f3b6456_sigma_0.055.npz,TRUE,vase,jar,0,"['the', 'footprint', 'is', 'big', '-er']",5,the footprint is big -er,train,test,train,test,"[1, 10, 1255, 7, 320, 9, 2, 0, 0, 0, 0, 0, 0, 0, 0, 0, 0, 0]"
user_266,There are bubbles on the outside.,39JEC7537WUACSMQKZS16TGYKSWCV4,59,noisy_pc_vase_0499_sigma_0.055,vase,ModelNet,vase_0377,vase,ModelNet,FALSE,vase/ModelNet/vase_0377,100pcPerClassOutput/vase/sigma_0.055/noisy_pc_vase_0499_sigma_0.055.npz,FALSE,vase,vase,0,"['there', 'are', 'bubbles', 'on', 'the', 'outside']",6,there are bubbles on the outside,train,test,train,test,"[1, 15, 16, 1780, 20, 10, 1636, 2, 0, 0, 0, 0, 0, 0, 0, 0, 0, 0]"
user_203,It has a lesser height.,3U5JL4WY5M2ZLDE6RZN1BG1V8Q74X6,309,noisy_pc_decc21646f053418df2fa7eaa812363c_sigma_0.055,vase,ShapeNet,3304e9400b2d610a69eaff4d4a8a103,vase,ShapeNet,FALSE,vase/ShapeNet/3304e9400b2d610a69eaff4d4a8a103,100pcPerClassOutput/vase/sigma_0.055/noisy_pc_decc21646f053418df2fa7eaa812363c_sigma_0.055.npz,TRUE,jar,jar,0,"['it', 'has', 'a', 'less', '-er', 'height']",6,it has a less -er height,train,test,train,test,"[1, 23, 24, 26, 229, 9, 117, 2, 0, 0, 0, 0, 0, 0, 0, 0, 0, 0]"
user_920,The target has a smaller mouth.,35BLDD71I8QNKLX0CDC9HRHJTA4VZ8,95,noisy_pc_58757fb09681ea3236b0f2a1430e993a_sigma_0.055,vase,ShapeNet,9b93492086316fdc61c8cbc38c089792,vase,ShapeNet,FALSE,vase/ShapeNet/9b93492086316fdc61c8cbc38c089792,100pcPerClassOutput/vase/sigma_0.055/noisy_pc_58757fb09681ea3236b0f2a1430e993a_sigma_0.055.npz,TRUE,jar,jar,0,"['the', 'target', 'has', 'a', 'small', '-er', 'mouth']",7,the target has a small -er mouth,train,test,train,test,"[1, 10, 11, 24, 26, 111, 9, 175, 2, 0, 0, 0, 0, 0, 0, 0, 0, 0]"
user_266,There are no handles.,3EQHHY4HQUL6VANGGU67SM7E5WN5G1,59,noisy_pc_cc432b9eeeb02485a6a06826583046ba_sigma_0.055,vase,ShapeNet,c067e10ee057104abd16d4490a10a752,vase,ShapeNet,FALSE,vase/ShapeNet/c067e10ee057104abd16d4490a10a752,100pcPerClassOutput/vase/sigma_0.055/noisy_pc_cc432b9eeeb02485a6a06826583046ba_sigma_0.055.npz,FALSE,jar,jar,0,"['there', 'are', 'no', 'handles']",4,there are no handles,train,test,train,test,"[1, 15, 16, 123, 18, 2, 0, 0, 0, 0, 0, 0, 0, 0, 0, 0, 0, 0]"
user_266,It doesn't look like a long trumpet.,3634BBTX0QNCTYM0CUJJZAB793TFIM,36,noisy_pc_e0855a7115eda487186588b1d2fb9823_sigma_0.055,vase,ShapeNet,ee425a7b654bcac8bbdc99ec57ef9c40,vase,ShapeNet,FALSE,vase/ShapeNet/ee425a7b654bcac8bbdc99ec57ef9c40,100pcPerClassOutput/vase/sigma_0.055/noisy_pc_e0855a7115eda487186588b1d2fb9823_sigma_0.055.npz,FALSE,jar,jar,0,"['it', 'does', 'not', 'look', 'like', 'a', 'long', 'trumpet']",8,it does not look like a long trumpet,train,test,train,test,"[1, 23, 39, 40, 186, 35, 26, 32, 554, 2, 0, 0, 0, 0, 0, 0, 0, 0]"
user_704,Its foot is smaller at the very bottom.,3E47SOBEYSP5QM2QLSTIR4Q4CPJICU,255,noisy_pc_488139f06d9905d830ffab76baff35a5_sigma_0.055,vase,ShapeNet,f93f2a0590a805da30f549f12038e49a,vase,ShapeNet,FALSE,vase/ShapeNet/f93f2a0590a805da30f549f12038e49a,100pcPerClassOutput/vase/sigma_0.055/noisy_pc_488139f06d9905d830ffab76baff35a5_sigma_0.055.npz,TRUE,jar,jar,0,"['its', 'foot', 'is', 'small', '-er', 'at', 'the', 'very', 'bottom']",9,its foot is small -er at the very bottom,val,test,val,test,"[1, 5, 1251, 7, 111, 9, 98, 10, 62, 76, 2, 0, 0, 0, 0, 0, 0, 0]"
user_266,There's no pointed tip at the bottom.,39JEC7537WUACSMQKZS16TGYKSXCV5,49,noisy_pc_vase_0248_sigma_0.055,vase,ModelNet,d6b6a7a860cfeeda2f2318fdd66be40a,vase,ShapeNet,FALSE,vase/ShapeNet/d6b6a7a860cfeeda2f2318fdd66be40a,100pcPerClassOutput/vase/sigma_0.055/noisy_pc_vase_0248_sigma_0.055.npz,TRUE,jar,vase,0,"['there', 'is', 'no', 'pointed', 'tip', 'at', 'the', 'bottom']",8,there is no pointed tip at the bottom,train,test,train,test,"[1, 15, 7, 123, 387, 357, 98, 10, 76, 2, 0, 0, 0, 0, 0, 0, 0, 0]"
user_203,It is not as long on the bottom.,3V0Z7YWSI0TXEAUON63VUG7C813V2Y,191,noisy_pc_vase_0260_sigma_0.055,vase,ModelNet,vase_0065,vase,ModelNet,FALSE,vase/ModelNet/vase_0065,100pcPerClassOutput/vase/sigma_0.055/noisy_pc_vase_0260_sigma_0.055.npz,FALSE,vase,vase,0,"['it', 'is', 'not', 'as', 'long', 'on', 'the', 'bottom']",8,it is not as long on the bottom,train,test,train,test,"[1, 23, 7, 40, 52, 32, 20, 10, 76, 2, 0, 0, 0, 0, 0, 0, 0, 0]"
user_2117,The target does  not have flowers in it.,3LWJHTCVCEFPAWAJP2OS8C2T0D8FQN,55,noisy_pc_3cd46f573c68e5fcfd41ffe96f6ef4b4_sigma_0.055,vase,ShapeNet,vase_0119,vase,ModelNet,FALSE,vase/ModelNet/vase_0119,100pcPerClassOutput/vase/sigma_0.055/noisy_pc_3cd46f573c68e5fcfd41ffe96f6ef4b4_sigma_0.055.npz,FALSE,vase,jar,0,"['the', 'target', 'does', 'not', 'have', 'flowers', 'in', 'it']",8,the target does not have flowers in it,train,test,train,test,"[1, 10, 11, 39, 40, 84, 147, 90, 23, 2, 0, 0, 0, 0, 0, 0, 0, 0]"
user_39,target has a more narrow opening,3GU1KF0O4KUEX3XOKNN7PHLYGJ6PB0,115,noisy_pc_537670c883cc57f730612f5c0ef21eb8_sigma_0.055,vase,ShapeNet,ce641a7a7b0cfe1ad85aa63241192dd1,vase,ShapeNet,FALSE,vase/ShapeNet/ce641a7a7b0cfe1ad85aa63241192dd1,100pcPerClassOutput/vase/sigma_0.055/noisy_pc_537670c883cc57f730612f5c0ef21eb8_sigma_0.055.npz,TRUE,jar,jar,0,"['target', 'has', 'a', 'more', 'narrow', 'opening']",6,target has a more narrow opening,train,test,train,test,"[1, 11, 24, 26, 34, 210, 197, 2, 0, 0, 0, 0, 0, 0, 0, 0, 0, 0]"
user_433,The body is wider on the top half of it,3HVVDCPGTGL823J6BWAB22KWQVIYT2,88,noisy_pc_vase_0101_sigma_0.055,vase,ModelNet,32dc55c3e945384dbc5e533ab711fd24,vase,ShapeNet,FALSE,vase/ShapeNet/32dc55c3e945384dbc5e533ab711fd24,100pcPerClassOutput/vase/sigma_0.055/noisy_pc_vase_0101_sigma_0.055.npz,TRUE,jar,vase,0,"['the', 'body', 'is', 'wide', '-er', 'on', 'the', 'top', 'half', 'of', 'it']",11,the body is wide -er on the top half of it,train,test,train,test,"[1, 10, 45, 7, 83, 9, 20, 10, 99, 158, 38, 23, 2, 0, 0, 0, 0, 0]"
user_266,It's taller.,3SNLUL3WO6G32HRWSMBVDQ420U4LU7,105,noisy_pc_e571895508fb587a561dce3fe08634b7_sigma_0.055,vase,ShapeNet,5a4af043ba70f9682db9fca4b68095,vase,ShapeNet,FALSE,vase/ShapeNet/5a4af043ba70f9682db9fca4b68095,100pcPerClassOutput/vase/sigma_0.055/noisy_pc_e571895508fb587a561dce3fe08634b7_sigma_0.055.npz,FALSE,jar,jar,0,"['it', 'is', 'tall', '-er']",4,it is tall -er,train,test,train,test,"[1, 23, 7, 53, 9, 2, 0, 0, 0, 0, 0, 0, 0, 0, 0, 0, 0, 0]"
user_374,It is a cylinder,326O153BMKR3F96IP5Y2QVAU5X3EDY,61,noisy_pc_vase_0511_sigma_0.055,vase,ModelNet,d278b42591a08a1555f46d55537192b6,vase,ShapeNet,FALSE,vase/ShapeNet/d278b42591a08a1555f46d55537192b6,100pcPerClassOutput/vase/sigma_0.055/noisy_pc_vase_0511_sigma_0.055.npz,TRUE,jar,vase,0,"['it', 'is', 'a', 'cylinder']",4,it is a cylinder,train,test,train,test,"[1, 23, 7, 26, 66, 2, 0, 0, 0, 0, 0, 0, 0, 0, 0, 0, 0, 0]"
user_266,There are two mouths.,3WOKGM4L739VSGID77D3G0KPFA6O0P,55,noisy_pc_f9ae4485b706ab1893fa5ed2239f9b08_sigma_0.055,vase,ShapeNet,c5351c4aa1011866cef8c6985387af2a,vase,ShapeNet,FALSE,vase/ShapeNet/c5351c4aa1011866cef8c6985387af2a,100pcPerClassOutput/vase/sigma_0.055/noisy_pc_f9ae4485b706ab1893fa5ed2239f9b08_sigma_0.055.npz,FALSE,jar,jar,0,"['there', 'are', 'two', 'mouths']",4,there are two mouths,train,test,train,test,"[1, 15, 16, 17, 1834, 2, 0, 0, 0, 0, 0, 0, 0, 0, 0, 0, 0, 0]"
user_345,it doesn't have a plant,32EYX73OY22E5FM9X68RZ2D16MRRU1,40,noisy_pc_9195960e68825d41156d1d06c447a736_sigma_0.055,vase,ShapeNet,ae77abbf5ab4893da75d03186a0409e2,vase,ShapeNet,FALSE,vase/ShapeNet/ae77abbf5ab4893da75d03186a0409e2,100pcPerClassOutput/vase/sigma_0.055/noisy_pc_9195960e68825d41156d1d06c447a736_sigma_0.055.npz,FALSE,jar,jar,0,"['it', 'does', 'not', 'have', 'a', 'plant']",6,it does not have a plant,train,test,train,test,"[1, 23, 39, 40, 84, 26, 790, 2, 0, 0, 0, 0, 0, 0, 0, 0, 0, 0]"
user_272,The mouth is wider.,3WJEQKOXAAV6X19UT7CLTAJUVLS1AQ,51,noisy_pc_1d4a469bdb53d3f77a3f900e0a6f2d83_sigma_0.055,vase,ShapeNet,7d71fc51ce793a44befd8bfd61b07f5,vase,ShapeNet,FALSE,vase/ShapeNet/7d71fc51ce793a44befd8bfd61b07f5,100pcPerClassOutput/vase/sigma_0.055/noisy_pc_1d4a469bdb53d3f77a3f900e0a6f2d83_sigma_0.055.npz,FALSE,jar,jar,0,"['the', 'mouth', 'is', 'wide', '-er']",5,the mouth is wide -er,val,test,val,test,"[1, 10, 175, 7, 83, 9, 2, 0, 0, 0, 0, 0, 0, 0, 0, 0, 0, 0]"
user_266,The mouth is bigger.,3IXEICO794C6JJ905DFJJB03RLA6TV,127,noisy_pc_dc39b65c9ed54544debefefb2e8c0245_sigma_0.055,vase,ShapeNet,d9a35f5bcc527fb3a982675e6ec522a0,vase,ShapeNet,FALSE,vase/ShapeNet/d9a35f5bcc527fb3a982675e6ec522a0,100pcPerClassOutput/vase/sigma_0.055/noisy_pc_dc39b65c9ed54544debefefb2e8c0245_sigma_0.055.npz,FALSE,jar,jar,0,"['the', 'mouth', 'is', 'big', '-er']",5,the mouth is big -er,train,test,train,test,"[1, 10, 175, 7, 320, 9, 2, 0, 0, 0, 0, 0, 0, 0, 0, 0, 0, 0]"
user_704,It has rim which is very flat at the top.,30JNVC0ORBD9OS1PKSCSBXE6GSOQHZ,97,noisy_pc_fe575d606cdab4ad713f2e93cbeac35d_sigma_0.055,vase,ShapeNet,1a619680edc5c461a95e4741ba1b4acf,vase,ShapeNet,FALSE,vase/ShapeNet/1a619680edc5c461a95e4741ba1b4acf,100pcPerClassOutput/vase/sigma_0.055/noisy_pc_fe575d606cdab4ad713f2e93cbeac35d_sigma_0.055.npz,FALSE,jar,jar,0,"['it', 'has', 'rim', 'which', 'is', 'very', 'flat', 'at', 'the', 'top']",10,it has rim which is very flat at the top,test,test,test,test,"[1, 23, 24, 487, 422, 7, 62, 129, 98, 10, 99, 2, 0, 0, 0, 0, 0, 0]"
user_266,The mouth is smaller.,32EYX73OY22E5FM9X68RZ2D16MURU4,31,noisy_pc_e93934fc1da4635d5aa09a1176194412_sigma_0.055,vase,ShapeNet,vase_0040,vase,ModelNet,FALSE,vase/ModelNet/vase_0040,100pcPerClassOutput/vase/sigma_0.055/noisy_pc_e93934fc1da4635d5aa09a1176194412_sigma_0.055.npz,TRUE,vase,jar,0,"['the', 'mouth', 'is', 'small', '-er']",5,the mouth is small -er,train,test,train,test,"[1, 10, 175, 7, 111, 9, 2, 0, 0, 0, 0, 0, 0, 0, 0, 0, 0, 0]"
user_134,the body has a crinkle effect,3C5W7UE9CHJFP33CX3NXXAIVUH8XMA,147,noisy_pc_vase_0264_sigma_0.055,vase,ModelNet,c6506a2457f14e9e5ca1f314f1afc186,vase,ShapeNet,FALSE,vase/ShapeNet/c6506a2457f14e9e5ca1f314f1afc186,100pcPerClassOutput/vase/sigma_0.055/noisy_pc_vase_0264_sigma_0.055.npz,TRUE,jar,vase,0,"['the', 'body', 'has', 'a', 'crinkle', 'effect']",6,the body has a crinkle effect,train,test,train,test,"[1, 10, 45, 24, 26, 1814, 1815, 2, 0, 0, 0, 0, 0, 0, 0, 0, 0, 0]"
user_920,The target's flowers do not have seeds.,3Y4W8Q93L1DKHKS4KVNCQZYG5S3DV0,60,noisy_pc_3c148476c78123f3283b00891f680579_sigma_0.055,vase,ShapeNet,9aff149b3b73200fb4b94732d6aa086d,vase,ShapeNet,FALSE,vase/ShapeNet/9aff149b3b73200fb4b94732d6aa086d,100pcPerClassOutput/vase/sigma_0.055/noisy_pc_3c148476c78123f3283b00891f680579_sigma_0.055.npz,TRUE,jar,jar,0,"['the', 'target', ""'s"", 'flowers', 'do', 'not', 'have', 'seeds']",8,the target 's flowers do not have seeds,train,test,train,test,"[1, 10, 11, 12, 147, 338, 40, 84, 1884, 2, 0, 0, 0, 0, 0, 0, 0, 0]"
user_1602,The target has a longer body.,340UGXU9D0U6YM3Q6QD10Z24RSZVUT,66,noisy_pc_8354259c3fcf12fa31f42a72ddeda489_sigma_0.055,vase,ShapeNet,vase_0067,vase,ModelNet,FALSE,vase/ModelNet/vase_0067,100pcPerClassOutput/vase/sigma_0.055/noisy_pc_8354259c3fcf12fa31f42a72ddeda489_sigma_0.055.npz,FALSE,vase,jar,0,"['the', 'target', 'has', 'a', 'long', '-er', 'body']",7,the target has a long -er body,train,test,train,test,"[1, 10, 11, 24, 26, 32, 9, 45, 2, 0, 0, 0, 0, 0, 0, 0, 0, 0]"
user_920,The target has four feet.,3LRKMWOKB7AENUZYO3SYFMK8WCRZ2K,100,noisy_pc_1c73c8ff52c31667c8724d5673a063a6_sigma_0.055,vase,ShapeNet,94235090b6d5dbfae76bc197b3a3ffc0,vase,ShapeNet,FALSE,vase/ShapeNet/94235090b6d5dbfae76bc197b3a3ffc0,100pcPerClassOutput/vase/sigma_0.055/noisy_pc_1c73c8ff52c31667c8724d5673a063a6_sigma_0.055.npz,FALSE,jar,jar,0,"['the', 'target', 'has', 'four', 'feet']",5,the target has four feet,train,test,train,test,"[1, 10, 11, 24, 322, 200, 2, 0, 0, 0, 0, 0, 0, 0, 0, 0, 0, 0]"
user_1136,The mouth is rounded,3VSOLARPKD2O2LD4O5C4L8N7NN339K,65,noisy_pc_vase_0073_sigma_0.055,vase,ModelNet,8b1781610ff164c7ba5342d638d0c267,vase,ShapeNet,FALSE,vase/ShapeNet/8b1781610ff164c7ba5342d638d0c267,100pcPerClassOutput/vase/sigma_0.055/noisy_pc_vase_0073_sigma_0.055.npz,TRUE,jar,vase,0,"['the', 'mouth', 'is', 'rounded']",4,the mouth is rounded,train,test,train,test,"[1, 10, 175, 7, 48, 2, 0, 0, 0, 0, 0, 0, 0, 0, 0, 0, 0, 0]"
user_266,It looks like a pumpkin.,3I2PTA7R3VN0QI2XQDFPOPUY89QKQV,67,noisy_pc_73d1c7ed4bdb3bfd2f2318fdd66be40a_sigma_0.055,vase,ShapeNet,998c2b635922ace93c8d0fdfb1cc2535,vase,ShapeNet,FALSE,vase/ShapeNet/998c2b635922ace93c8d0fdfb1cc2535,100pcPerClassOutput/vase/sigma_0.055/noisy_pc_73d1c7ed4bdb3bfd2f2318fdd66be40a_sigma_0.055.npz,TRUE,jar,jar,0,"['it', 'looks', 'like', 'a', 'pumpkin']",5,it looks like a pumpkin,train,test,train,test,"[1, 23, 33, 35, 26, 853, 2, 0, 0, 0, 0, 0, 0, 0, 0, 0, 0, 0]"
user_266,It is shorter,32AT8R96GN2Q6UMMCV8WPCIXSOWSUC,68,noisy_pc_88160fcb6c1eef2c35ac4a6a37bb3b6_sigma_0.055,vase,ShapeNet,7c1303d3a19a1cef51f77a6d7299806,vase,ShapeNet,FALSE,vase/ShapeNet/7c1303d3a19a1cef51f77a6d7299806,100pcPerClassOutput/vase/sigma_0.055/noisy_pc_88160fcb6c1eef2c35ac4a6a37bb3b6_sigma_0.055.npz,FALSE,jar,jar,0,"['it', 'is', 'short', '-er']",4,it is short -er,train,test,train,test,"[1, 23, 7, 8, 9, 2, 0, 0, 0, 0, 0, 0, 0, 0, 0, 0, 0, 0]"
user_90,It is taller,3AAPLD8UCEAMG8TH1W6NG2PT0ZPTHI,115,noisy_pc_e7c29b8c7709187d42526f5fcee84e09_sigma_0.055,vase,ShapeNet,8302f9cd5e454de85d878ba9ec3c0d6a,vase,ShapeNet,FALSE,vase/ShapeNet/8302f9cd5e454de85d878ba9ec3c0d6a,100pcPerClassOutput/vase/sigma_0.055/noisy_pc_e7c29b8c7709187d42526f5fcee84e09_sigma_0.055.npz,TRUE,jar,jar,0,"['it', 'is', 'tall', '-er']",4,it is tall -er,train,test,train,test,"[1, 23, 7, 53, 9, 2, 0, 0, 0, 0, 0, 0, 0, 0, 0, 0, 0, 0]"
user_266,There's a lid on it.,3SKEMFQBZ5YUKE214JYP2Y9YE398KD,164,noisy_pc_vase_0571_sigma_0.055,vase,ModelNet,46eb2397e694c01e2b0ee99af125a449,vase,ShapeNet,FALSE,vase/ShapeNet/46eb2397e694c01e2b0ee99af125a449,100pcPerClassOutput/vase/sigma_0.055/noisy_pc_vase_0571_sigma_0.055.npz,FALSE,jar,vase,0,"['there', 'is', 'a', 'lid', 'on', 'it']",6,there is a lid on it,train,test,train,test,"[1, 15, 7, 26, 1715, 20, 23, 2, 0, 0, 0, 0, 0, 0, 0, 0, 0, 0]"
user_266,The footprint is smaller.,3KYQYYSHYX0PR0J7JJ1YV7489ZFODI,73,noisy_pc_vase_0229_sigma_0.055,vase,ModelNet,1a619680edc5c461a95e4741ba1b4acf,vase,ShapeNet,FALSE,vase/ShapeNet/1a619680edc5c461a95e4741ba1b4acf,100pcPerClassOutput/vase/sigma_0.055/noisy_pc_vase_0229_sigma_0.055.npz,TRUE,jar,vase,0,"['the', 'footprint', 'is', 'small', '-er']",5,the footprint is small -er,test,test,test,test,"[1, 10, 1255, 7, 111, 9, 2, 0, 0, 0, 0, 0, 0, 0, 0, 0, 0, 0]"
user_134,lip is very wide,3RWE2M8QWJ3DAVI16SDQ1BKKP0X0NI,441,noisy_pc_1a8f9295b44b48895e8c5748ca5ef3ea_sigma_0.055,vase,ShapeNet,701ea218827f9a7a733657da4b6687f4,vase,ShapeNet,FALSE,vase/ShapeNet/701ea218827f9a7a733657da4b6687f4,100pcPerClassOutput/vase/sigma_0.055/noisy_pc_1a8f9295b44b48895e8c5748ca5ef3ea_sigma_0.055.npz,FALSE,jar,jar,0,"['lip', 'is', 'very', 'wide']",4,lip is very wide,test,test,test,test,"[1, 125, 7, 62, 83, 2, 0, 0, 0, 0, 0, 0, 0, 0, 0, 0, 0, 0]"
user_757,it has a much wider mouth,3SB5N7Y3O5X7031FJO0VBRBNOOWG0B,74,noisy_pc_vase_0188_sigma_0.055,vase,ModelNet,c1ded06f2af01612a54fd40ef3a8dfd0,vase,ShapeNet,FALSE,vase/ShapeNet/c1ded06f2af01612a54fd40ef3a8dfd0,100pcPerClassOutput/vase/sigma_0.055/noisy_pc_vase_0188_sigma_0.055.npz,FALSE,jar,vase,0,"['it', 'has', 'a', 'much', 'wide', '-er', 'mouth']",7,it has a much wide -er mouth,train,test,train,test,"[1, 23, 24, 26, 59, 83, 9, 175, 2, 0, 0, 0, 0, 0, 0, 0, 0, 0]"
user_920,The target has a lid/cover.,3HRMW88U18J7SDX1URYQOWVKKAB0M6,68,noisy_pc_82b47431bb7a115a797bc94512844136_sigma_0.055,vase,ShapeNet,afce514f25812205c9f016d57db96408,vase,ShapeNet,FALSE,vase/ShapeNet/afce514f25812205c9f016d57db96408,100pcPerClassOutput/vase/sigma_0.055/noisy_pc_82b47431bb7a115a797bc94512844136_sigma_0.055.npz,FALSE,jar,jar,0,"['the', 'target', 'has', 'a', 'lid', 'cover']",6,the target has a lid cover,val,test,val,test,"[1, 10, 11, 24, 26, 1715, 1147, 2, 0, 0, 0, 0, 0, 0, 0, 0, 0, 0]"
user_1136,The base has ridges,39ASUFLU6Z0HDFBZG5ZEK2DMLFJXEN,43,noisy_pc_65bec5b1e02db6573543a074b9dea19b_sigma_0.055,vase,ShapeNet,595e22f425839eac2d4b0854f7611ed6,vase,ShapeNet,FALSE,vase/ShapeNet/595e22f425839eac2d4b0854f7611ed6,100pcPerClassOutput/vase/sigma_0.055/noisy_pc_65bec5b1e02db6573543a074b9dea19b_sigma_0.055.npz,FALSE,jar,jar,0,"['the', 'base', 'has', 'ridges']",4,the base has ridges,train,test,train,test,"[1, 10, 103, 24, 584, 2, 0, 0, 0, 0, 0, 0, 0, 0, 0, 0, 0, 0]"
user_1651,It is taIIer,3A9AA95ATYFC8NGFJDWUMVL66NHP5W,92,noisy_pc_b61141090612ac3ab361b6be63163da_sigma_0.055,vase,ShapeNet,vase_0302,vase,ModelNet,TRUE,vase/ModelNet/vase_0302,100pcPerClassOutput/vase/sigma_0.055/noisy_pc_b61141090612ac3ab361b6be63163da_sigma_0.055.npz,TRUE,vase,jar,0,"['it', 'is', 'easy', '-er']",4,it is easy -er,train,test,train,test,"[1, 23, 7, 1845, 9, 2, 0, 0, 0, 0, 0, 0, 0, 0, 0, 0, 0, 0]"
user_266,It's shorter.,3M81GAB8A2CZXFY3K02WPMB8LFYQBY,67,noisy_pc_vase_0016_sigma_0.055,vase,ModelNet,vase_0159,vase,ModelNet,FALSE,vase/ModelNet/vase_0159,100pcPerClassOutput/vase/sigma_0.055/noisy_pc_vase_0016_sigma_0.055.npz,FALSE,vase,vase,0,"['it', 'is', 'short', '-er']",4,it is short -er,train,test,train,test,"[1, 23, 7, 8, 9, 2, 0, 0, 0, 0, 0, 0, 0, 0, 0, 0, 0, 0]"
user_266,It's taller.,3EKVH9QME0XBKTU2WL31OU158UJD21,74,noisy_pc_398818a67897e02fbab0ed993e467961_sigma_0.055,vase,ShapeNet,vase_0568,vase,ModelNet,FALSE,vase/ModelNet/vase_0568,100pcPerClassOutput/vase/sigma_0.055/noisy_pc_398818a67897e02fbab0ed993e467961_sigma_0.055.npz,FALSE,vase,jar,0,"['it', 'is', 'tall', '-er']",4,it is tall -er,train,test,train,test,"[1, 23, 7, 53, 9, 2, 0, 0, 0, 0, 0, 0, 0, 0, 0, 0, 0, 0]"
user_266,It's taller.,379J5II41Q9MDLUA2MWQ98IZE6CELL,60,noisy_pc_d56098d4d83f5976a2c59a4d90e63212_sigma_0.055,vase,ShapeNet,7dcc9324c5c23029bc54d7012755d50c,vase,ShapeNet,FALSE,vase/ShapeNet/7dcc9324c5c23029bc54d7012755d50c,100pcPerClassOutput/vase/sigma_0.055/noisy_pc_d56098d4d83f5976a2c59a4d90e63212_sigma_0.055.npz,FALSE,jar,jar,0,"['it', 'is', 'tall', '-er']",4,it is tall -er,train,test,train,test,"[1, 23, 7, 53, 9, 2, 0, 0, 0, 0, 0, 0, 0, 0, 0, 0, 0, 0]"
user_556,Has a bigger flat shaped foot.,3LS2AMNW5HJJG9NCO57IV6B7SEKQO5,262,noisy_pc_1d7868b4ad0913bf9f6b966b784c8347_sigma_0.055,vase,ShapeNet,aa638e39c28f3a184800dfbcda5cce3,vase,ShapeNet,FALSE,vase/ShapeNet/aa638e39c28f3a184800dfbcda5cce3,100pcPerClassOutput/vase/sigma_0.055/noisy_pc_1d7868b4ad0913bf9f6b966b784c8347_sigma_0.055.npz,TRUE,jar,jar,0,"['has', 'a', 'big', '-er', 'flat', 'shaped', 'foot']",7,has a big -er flat shaped foot,train,test,train,test,"[1, 24, 26, 320, 9, 129, 14, 1251, 2, 0, 0, 0, 0, 0, 0, 0, 0, 0]"
user_633,The neck is short and stubby.,3UOUJI6MTF7Y2B8L65EJOKZP732XUT,65,noisy_pc_2fa653cd90c27f8fbd16d4490a10a752_sigma_0.055,vase,ShapeNet,vase_0133,vase,ModelNet,FALSE,vase/ModelNet/vase_0133,100pcPerClassOutput/vase/sigma_0.055/noisy_pc_2fa653cd90c27f8fbd16d4490a10a752_sigma_0.055.npz,FALSE,vase,jar,0,"['the', 'neck', 'is', 'short', 'and', 'stubby']",6,the neck is short and stubby,train,test,train,test,"[1, 10, 509, 7, 8, 47, 1812, 2, 0, 0, 0, 0, 0, 0, 0, 0, 0, 0]"
user_920,The target does not have a cover/lid.,3RSDURM96CF6DK19L1LG3GKVNLYYEF,121,noisy_pc_1a1905d6da94d9c7561ca0447e446f39_sigma_0.055,vase,ShapeNet,e0bf4bf06f17f07a8f5635ac8b18fdb9,vase,ShapeNet,FALSE,vase/ShapeNet/e0bf4bf06f17f07a8f5635ac8b18fdb9,100pcPerClassOutput/vase/sigma_0.055/noisy_pc_1a1905d6da94d9c7561ca0447e446f39_sigma_0.055.npz,FALSE,jar,jar,0,"['the', 'target', 'does', 'not', 'have', 'a', 'cover', 'lid']",8,the target does not have a cover lid,val,test,val,test,"[1, 10, 11, 39, 40, 84, 26, 1147, 1715, 2, 0, 0, 0, 0, 0, 0, 0, 0]"
user_266,It's skinnier.,384PI804XUUAQ8A6EOUC05UQCZ50SU,56,noisy_pc_a1fae2bdac896ab83a75e6d000e08290_sigma_0.055,vase,ShapeNet,e70b94a9058952643f88f523fa8b6921,vase,ShapeNet,FALSE,vase/ShapeNet/e70b94a9058952643f88f523fa8b6921,100pcPerClassOutput/vase/sigma_0.055/noisy_pc_a1fae2bdac896ab83a75e6d000e08290_sigma_0.055.npz,FALSE,jar,jar,0,"['it', 'is', 'skinny', '-er']",4,it is skinny -er,train,test,train,test,"[1, 23, 7, 282, 9, 2, 0, 0, 0, 0, 0, 0, 0, 0, 0, 0, 0, 0]"
user_266,The mouth is smaller.,3XUHV3NRVMRKV6IR00OPDMJFKW35H3,50,noisy_pc_64a0985a86bbead9fe9d8ee1a924ac2e_sigma_0.055,vase,ShapeNet,ed3c75975804636e34a8988fdcee4fde,vase,ShapeNet,FALSE,vase/ShapeNet/ed3c75975804636e34a8988fdcee4fde,100pcPerClassOutput/vase/sigma_0.055/noisy_pc_64a0985a86bbead9fe9d8ee1a924ac2e_sigma_0.055.npz,TRUE,jar,jar,0,"['the', 'mouth', 'is', 'small', '-er']",5,the mouth is small -er,train,test,train,test,"[1, 10, 175, 7, 111, 9, 2, 0, 0, 0, 0, 0, 0, 0, 0, 0, 0, 0]"
user_789,The neck curves in and is slimmer then the rest of the body,3LOZAJ85YF6PIZZJNL4DI14XOCE2XB,306,noisy_pc_fed045d07c91bb2723901b5a0f119b35_sigma_0.055,vase,ShapeNet,vase_0544,vase,ModelNet,FALSE,vase/ModelNet/vase_0544,100pcPerClassOutput/vase/sigma_0.055/noisy_pc_fed045d07c91bb2723901b5a0f119b35_sigma_0.055.npz,TRUE,vase,jar,0,"['the', 'neck', 'curves', 'in', 'and', 'is', 'slim', '-er', 'then', 'the', 'rest', 'of', 'the', 'body']",14,the neck curves in and is slim -er then the rest of the body,train,test,train,test,"[1, 10, 509, 156, 90, 47, 7, 829, 9, 146, 10, 1154, 38, 10, 45, 2, 0, 0]"
user_920,The target is empty.,3N2BF7Y2VSNI3D3XSZ5BUOU16RRMH8,69,noisy_pc_f8e8740b44ca276abb6f5a9e4b6b8b34_sigma_0.055,vase,ShapeNet,c42115bcac36e3569f8c3d2002c77ddb,vase,ShapeNet,FALSE,vase/ShapeNet/c42115bcac36e3569f8c3d2002c77ddb,100pcPerClassOutput/vase/sigma_0.055/noisy_pc_f8e8740b44ca276abb6f5a9e4b6b8b34_sigma_0.055.npz,FALSE,jar,jar,0,"['the', 'target', 'is', 'empty']",4,the target is empty,train,test,train,test,"[1, 10, 11, 7, 1046, 2, 0, 0, 0, 0, 0, 0, 0, 0, 0, 0, 0, 0]"
user_266,It's taller.,3LS2AMNW5HJJG9NCO57IV6B7SE5OQO,74,noisy_pc_281530bc7fbb122f30612f5c0ef21eb8_sigma_0.055,vase,ShapeNet,d9a35f5bcc527fb3a982675e6ec522a0,vase,ShapeNet,FALSE,vase/ShapeNet/d9a35f5bcc527fb3a982675e6ec522a0,100pcPerClassOutput/vase/sigma_0.055/noisy_pc_281530bc7fbb122f30612f5c0ef21eb8_sigma_0.055.npz,TRUE,jar,jar,0,"['it', 'is', 'tall', '-er']",4,it is tall -er,train,test,train,test,"[1, 23, 7, 53, 9, 2, 0, 0, 0, 0, 0, 0, 0, 0, 0, 0, 0, 0]"
user_266,There's a handle.,34QN5IT0T1KS7OVX0QO7JEUP05Z08V,57,noisy_pc_82806d655bf46d8793b839ea777587eb_sigma_0.055,vase,ShapeNet,420254a2489912c13f8d8f0f2ad2ee2,vase,ShapeNet,FALSE,vase/ShapeNet/420254a2489912c13f8d8f0f2ad2ee2,100pcPerClassOutput/vase/sigma_0.055/noisy_pc_82806d655bf46d8793b839ea777587eb_sigma_0.055.npz,FALSE,jar,jar,0,"['there', 'is', 'a', 'handle']",4,there is a handle,train,test,train,test,"[1, 15, 7, 26, 29, 2, 0, 0, 0, 0, 0, 0, 0, 0, 0, 0, 0, 0]"
user_266,The plant in it is dropping.,3ZAZR5XV03BRLCR0LWH4RZTU832ZCR,77,noisy_pc_1fc8104630b00416c151419181ef256_sigma_0.055,vase,ShapeNet,10af6bdfd126209faaf0ad030fc37d94,vase,ShapeNet,FALSE,vase/ShapeNet/10af6bdfd126209faaf0ad030fc37d94,100pcPerClassOutput/vase/sigma_0.055/noisy_pc_1fc8104630b00416c151419181ef256_sigma_0.055.npz,TRUE,jar,jar,0,"['the', 'plant', 'in', 'it', 'is', 'dropping']",6,the plant in it is dropping,train,test,train,test,"[1, 10, 790, 90, 23, 7, 1862, 2, 0, 0, 0, 0, 0, 0, 0, 0, 0, 0]"
user_266,It's conical.,3NG53N1RLXCVV5ZHHB3XYFVX8DD8PC,112,noisy_pc_7775947ce2333be398910e50f05b8001_sigma_0.055,vase,ShapeNet,ae77abbf5ab4893da75d03186a0409e2,vase,ShapeNet,FALSE,vase/ShapeNet/ae77abbf5ab4893da75d03186a0409e2,100pcPerClassOutput/vase/sigma_0.055/noisy_pc_7775947ce2333be398910e50f05b8001_sigma_0.055.npz,TRUE,jar,jar,0,"['it', 'is', 'conical']",3,it is conical,train,test,train,test,"[1, 23, 7, 399, 2, 0, 0, 0, 0, 0, 0, 0, 0, 0, 0, 0, 0, 0]"
user_266,There are plants in it.,3OXV7EAXLGJ1K2B6QY9S1YW5XMT367,49,noisy_pc_a258544f4f27cb7fbbdc99ec57ef9c40_sigma_0.055,vase,ShapeNet,e142e0414bbe9b39cb6782d0f0acad78,vase,ShapeNet,FALSE,vase/ShapeNet/e142e0414bbe9b39cb6782d0f0acad78,100pcPerClassOutput/vase/sigma_0.055/noisy_pc_a258544f4f27cb7fbbdc99ec57ef9c40_sigma_0.055.npz,FALSE,jar,jar,0,"['there', 'are', 'plants', 'in', 'it']",5,there are plants in it,train,test,train,test,"[1, 15, 16, 830, 90, 23, 2, 0, 0, 0, 0, 0, 0, 0, 0, 0, 0, 0]"
user_266,It's taller.,36W0OB37HY7I2K2G7OV52QQALVBHZM,70,noisy_pc_vase_0381_sigma_0.055,vase,ModelNet,8e7b2732b637559976fd405e95f98511,vase,ShapeNet,FALSE,vase/ShapeNet/8e7b2732b637559976fd405e95f98511,100pcPerClassOutput/vase/sigma_0.055/noisy_pc_vase_0381_sigma_0.055.npz,TRUE,jar,vase,0,"['it', 'is', 'tall', '-er']",4,it is tall -er,train,test,train,test,"[1, 23, 7, 53, 9, 2, 0, 0, 0, 0, 0, 0, 0, 0, 0, 0, 0, 0]"
user_505,Target is very much taller,3U0SRXB7CFY1AP2005W5L7L7YQLNRS,55,noisy_pc_2a7c0beb84e99d6636b0f2a1430e993a_sigma_0.055,vase,ShapeNet,vase_0260,vase,ModelNet,FALSE,vase/ModelNet/vase_0260,100pcPerClassOutput/vase/sigma_0.055/noisy_pc_2a7c0beb84e99d6636b0f2a1430e993a_sigma_0.055.npz,TRUE,vase,jar,0,"['target', 'is', 'very', 'much', 'tall', '-er']",6,target is very much tall -er,test,test,test,test,"[1, 11, 7, 62, 59, 53, 9, 2, 0, 0, 0, 0, 0, 0, 0, 0, 0, 0]"
user_704,It has a handle.,3PB5A5BD0XZLIE1Z4NL4Q6LAW2BG7K,148,noisy_pc_e0a62f7d9bb5cfea36b0f2a1430e993a_sigma_0.055,vase,ShapeNet,5cb41c58e0bb0b44deceaec2593e1649,vase,ShapeNet,FALSE,vase/ShapeNet/5cb41c58e0bb0b44deceaec2593e1649,100pcPerClassOutput/vase/sigma_0.055/noisy_pc_e0a62f7d9bb5cfea36b0f2a1430e993a_sigma_0.055.npz,TRUE,jar,jar,0,"['it', 'has', 'a', 'handle']",4,it has a handle,train,test,train,test,"[1, 23, 24, 26, 29, 2, 0, 0, 0, 0, 0, 0, 0, 0, 0, 0, 0, 0]"
user_266,It's taller.,36W0OB37HY7I2K2G7OV52QQALVCZH5,47,noisy_pc_9097ce398b9700a27e561f865dc44fc5_sigma_0.055,vase,ShapeNet,vase_0016,vase,ModelNet,FALSE,vase/ModelNet/vase_0016,100pcPerClassOutput/vase/sigma_0.055/noisy_pc_9097ce398b9700a27e561f865dc44fc5_sigma_0.055.npz,FALSE,vase,jar,0,"['it', 'is', 'tall', '-er']",4,it is tall -er,test,test,test,test,"[1, 23, 7, 53, 9, 2, 0, 0, 0, 0, 0, 0, 0, 0, 0, 0, 0, 0]"
user_920,The target is an oval shape.,3GM6G9ZBKPQ88MUSSTM087XPHK3TM4,63,noisy_pc_2d9fae9136d41ee2b978cf07d1cb130b_sigma_0.055,vase,ShapeNet,vase_0495,vase,ModelNet,FALSE,vase/ModelNet/vase_0495,100pcPerClassOutput/vase/sigma_0.055/noisy_pc_2d9fae9136d41ee2b978cf07d1cb130b_sigma_0.055.npz,FALSE,vase,jar,0,"['the', 'target', 'is', 'an', 'oval', 'shape']",6,the target is an oval shape,val,test,val,test,"[1, 10, 11, 7, 72, 130, 93, 2, 0, 0, 0, 0, 0, 0, 0, 0, 0, 0]"
user_266,The square base is less long.,3MH9DQ757Y5NGPDVHVEF0YZU4E1GUH,77,noisy_pc_de673ddf9df03b8278cf1a714198918_sigma_0.055,vase,ShapeNet,a5db4bacbe009f2ef51f77a6d7299806,vase,ShapeNet,FALSE,vase/ShapeNet/a5db4bacbe009f2ef51f77a6d7299806,100pcPerClassOutput/vase/sigma_0.055/noisy_pc_de673ddf9df03b8278cf1a714198918_sigma_0.055.npz,TRUE,pot,pot,0,"['the', 'square', 'base', 'is', 'less', 'long']",6,the square base is less long,train,test,train,test,"[1, 10, 50, 103, 7, 229, 32, 2, 0, 0, 0, 0, 0, 0, 0, 0, 0, 0]"
user_266,There are flowers in it.,3HUTX6F6VWG2OQLRMUHHZOD4C8R2OO,63,noisy_pc_546025d656c166562887a88b1b446ef8_sigma_0.055,vase,ShapeNet,b8e8182813626e7a3792407aee21900f,vase,ShapeNet,FALSE,vase/ShapeNet/b8e8182813626e7a3792407aee21900f,100pcPerClassOutput/vase/sigma_0.055/noisy_pc_546025d656c166562887a88b1b446ef8_sigma_0.055.npz,FALSE,jar,jar,0,"['there', 'are', 'flowers', 'in', 'it']",5,there are flowers in it,train,test,train,test,"[1, 15, 16, 147, 90, 23, 2, 0, 0, 0, 0, 0, 0, 0, 0, 0, 0, 0]"
user_203,It is not as long on the bottom.,3MX2NQ3YCBNHHWI6546BG8798M55XF,200,noisy_pc_vase_0234_sigma_0.055,vase,ModelNet,75ebd17ea72f4e6257f40ff86fe708ff,vase,ShapeNet,FALSE,vase/ShapeNet/75ebd17ea72f4e6257f40ff86fe708ff,100pcPerClassOutput/vase/sigma_0.055/noisy_pc_vase_0234_sigma_0.055.npz,FALSE,jar,vase,0,"['it', 'is', 'not', 'as', 'long', 'on', 'the', 'bottom']",8,it is not as long on the bottom,train,test,train,test,"[1, 23, 7, 40, 52, 32, 20, 10, 76, 2, 0, 0, 0, 0, 0, 0, 0, 0]"
user_266,It's shorter.,30JNVC0ORBD9OS1PKSCSBXE6GSRQH2,47,noisy_pc_b59f693b45f636d54c6c80caaf15808d_sigma_0.055,vase,ShapeNet,vase_0387,vase,ModelNet,FALSE,vase/ModelNet/vase_0387,100pcPerClassOutput/vase/sigma_0.055/noisy_pc_b59f693b45f636d54c6c80caaf15808d_sigma_0.055.npz,TRUE,vase,jar,0,"['it', 'is', 'short', '-er']",4,it is short -er,train,test,train,test,"[1, 23, 7, 8, 9, 2, 0, 0, 0, 0, 0, 0, 0, 0, 0, 0, 0, 0]"
user_266,It has wheels.,3UWN2HHPU0YDB42DFUWABHQ3KSFNSR,34,noisy_pc_3ce3a0a7adbaaa518e43a810a63361f0_sigma_0.055,vase,ShapeNet,e74cb96c0fc30d03993afecc2c675915,vase,ShapeNet,FALSE,vase/ShapeNet/e74cb96c0fc30d03993afecc2c675915,100pcPerClassOutput/vase/sigma_0.055/noisy_pc_3ce3a0a7adbaaa518e43a810a63361f0_sigma_0.055.npz,TRUE,jar,jar,0,"['it', 'has', 'wheels']",3,it has wheels,train,test,train,test,"[1, 23, 24, 1013, 2, 0, 0, 0, 0, 0, 0, 0, 0, 0, 0, 0, 0, 0]"
user_266,There's only one flower in it.,37C0GNLMHHWZ2UD3JNF4E7IHOZK6DA,59,noisy_pc_76677da63039c6d9e6a735b744b69aa4_sigma_0.055,vase,ShapeNet,af4c5fab6584a6ead5cc6270d226b60d,vase,ShapeNet,FALSE,vase/ShapeNet/af4c5fab6584a6ead5cc6270d226b60d,100pcPerClassOutput/vase/sigma_0.055/noisy_pc_76677da63039c6d9e6a735b744b69aa4_sigma_0.055.npz,TRUE,jar,jar,0,"['there', 'is', 'only', 'one', 'flower', 'in', 'it']",7,there is only one flower in it,train,test,train,test,"[1, 15, 7, 133, 19, 785, 90, 23, 2, 0, 0, 0, 0, 0, 0, 0, 0, 0]"
user_266,There's a plant in it.,3NLZY2D53RIBAOKFBDRQ3P7DX9YQL7,82,noisy_pc_vase_0354_sigma_0.055,vase,ModelNet,f9346339a3b24bfc500158c23c4c5a8e,vase,ShapeNet,FALSE,vase/ShapeNet/f9346339a3b24bfc500158c23c4c5a8e,100pcPerClassOutput/vase/sigma_0.055/noisy_pc_vase_0354_sigma_0.055.npz,FALSE,jar,vase,0,"['there', 'is', 'a', 'plant', 'in', 'it']",6,there is a plant in it,val,test,val,test,"[1, 15, 7, 26, 790, 90, 23, 2, 0, 0, 0, 0, 0, 0, 0, 0, 0, 0]"
user_266,There's no plant in it.,3TR2532VIRNC5GDVTJ1FH5DUTJEJ6Y,56,noisy_pc_be4e86198d0b8d438edb5be732846826_sigma_0.055,vase,ShapeNet,vase_0237,vase,ModelNet,FALSE,vase/ModelNet/vase_0237,100pcPerClassOutput/vase/sigma_0.055/noisy_pc_be4e86198d0b8d438edb5be732846826_sigma_0.055.npz,FALSE,vase,jar,0,"['there', 'is', 'no', 'plant', 'in', 'it']",6,there is no plant in it,train,test,train,test,"[1, 15, 7, 123, 790, 90, 23, 2, 0, 0, 0, 0, 0, 0, 0, 0, 0, 0]"
user_266,The neck is skinnier.,3O6CYIULEFUJDB3VW0IXM1LIY19UWA,55,noisy_pc_vase_0235_sigma_0.055,vase,ModelNet,49943fa341bd0fc86bc258c0f0234be0,vase,ShapeNet,FALSE,vase/ShapeNet/49943fa341bd0fc86bc258c0f0234be0,100pcPerClassOutput/vase/sigma_0.055/noisy_pc_vase_0235_sigma_0.055.npz,TRUE,jar,vase,0,"['the', 'neck', 'is', 'skinny', '-er']",5,the neck is skinny -er,train,test,train,test,"[1, 10, 509, 7, 282, 9, 2, 0, 0, 0, 0, 0, 0, 0, 0, 0, 0, 0]"
user_266,There are more flowers in it.,37UQDCYH6ZO40BRUTIKQQ7OKJH5V7U,53,noisy_pc_f84313fa79e1bbd3d826e39f6130227f_sigma_0.055,vase,ShapeNet,b8e8182813626e7a3792407aee21900f,vase,ShapeNet,FALSE,vase/ShapeNet/b8e8182813626e7a3792407aee21900f,100pcPerClassOutput/vase/sigma_0.055/noisy_pc_f84313fa79e1bbd3d826e39f6130227f_sigma_0.055.npz,TRUE,jar,jar,0,"['there', 'are', 'more', 'flowers', 'in', 'it']",6,there are more flowers in it,train,test,train,test,"[1, 15, 16, 34, 147, 90, 23, 2, 0, 0, 0, 0, 0, 0, 0, 0, 0, 0]"
user_1050,The lip is wider.,3LKC68YZ3CWO06JY0E6ONVTTGFNWO1,502,noisy_pc_vase_0153_sigma_0.055,vase,ModelNet,vase_0444,vase,ModelNet,FALSE,vase/ModelNet/vase_0444,100pcPerClassOutput/vase/sigma_0.055/noisy_pc_vase_0153_sigma_0.055.npz,TRUE,vase,vase,0,"['the', 'lip', 'is', 'wide', '-er']",5,the lip is wide -er,train,test,train,test,"[1, 10, 125, 7, 83, 9, 2, 0, 0, 0, 0, 0, 0, 0, 0, 0, 0, 0]"
user_266,The neck is fatter.,3G0WWMR1UXD1YON0NQ75GHB224VNQ3,98,noisy_pc_vase_0351_sigma_0.055,vase,ModelNet,ee10db30b91b9683f9215f842248bc25,vase,ShapeNet,FALSE,vase/ShapeNet/ee10db30b91b9683f9215f842248bc25,100pcPerClassOutput/vase/sigma_0.055/noisy_pc_vase_0351_sigma_0.055.npz,TRUE,jar,vase,0,"['the', 'neck', 'is', 'fat', '-er']",5,the neck is fat -er,train,test,train,test,"[1, 10, 509, 7, 866, 9, 2, 0, 0, 0, 0, 0, 0, 0, 0, 0, 0, 0]"
user_505,Target is a good deal fatter,3IUZPWIU1Q05AFYJ2MEVGECKWAUWKY,37,noisy_pc_vase_0392_sigma_0.055,vase,ModelNet,vase_0411,vase,ModelNet,FALSE,vase/ModelNet/vase_0411,100pcPerClassOutput/vase/sigma_0.055/noisy_pc_vase_0392_sigma_0.055.npz,FALSE,vase,vase,0,"['target', 'is', 'a', 'good', 'deal', 'fat', '-er']",7,target is a good deal fat -er,train,test,train,test,"[1, 11, 7, 26, 1832, 1833, 866, 9, 2, 0, 0, 0, 0, 0, 0, 0, 0, 0]"
user_2117,The top of the target is shaped like a spinning top.,37UQDCYH6ZO40BRUTIKQQ7OKJH97VA,38,noisy_pc_81a4a5f10f2f759fcee8a4975a4efb00_sigma_0.055,vase,ShapeNet,b828d1859065e0e4cdc03f207b7c6c79,vase,ShapeNet,FALSE,vase/ShapeNet/b828d1859065e0e4cdc03f207b7c6c79,100pcPerClassOutput/vase/sigma_0.055/noisy_pc_81a4a5f10f2f759fcee8a4975a4efb00_sigma_0.055.npz,FALSE,jar,jar,0,"['the', 'top', 'of', 'the', 'target', 'is', 'shaped', 'like', 'a', 'spinning', 'top']",11,the top of the target is shaped like a spinning top,val,test,val,test,"[1, 10, 99, 38, 10, 11, 7, 14, 35, 26, 1794, 99, 2, 0, 0, 0, 0, 0]"
user_266,It looks like a pumpkin.,3G2UL9A02F7JLLCTSACIEF8L2OF67F,50,noisy_pc_vase_0024_sigma_0.055,vase,ModelNet,a96b8f654eee2e8168825f3d0ad04fa,vase,ShapeNet,FALSE,vase/ShapeNet/a96b8f654eee2e8168825f3d0ad04fa,100pcPerClassOutput/vase/sigma_0.055/noisy_pc_vase_0024_sigma_0.055.npz,FALSE,jar,vase,0,"['it', 'looks', 'like', 'a', 'pumpkin']",5,it looks like a pumpkin,train,test,train,test,"[1, 23, 33, 35, 26, 853, 2, 0, 0, 0, 0, 0, 0, 0, 0, 0, 0, 0]"
user_1286,it is taller,3QFUFYSY908ILRNLR5HF591O4LJF4Y,36,noisy_pc_396534e7ea5b33c482db9fca4b68095_sigma_0.055,vase,ShapeNet,vase_0294,vase,ModelNet,FALSE,vase/ModelNet/vase_0294,100pcPerClassOutput/vase/sigma_0.055/noisy_pc_396534e7ea5b33c482db9fca4b68095_sigma_0.055.npz,FALSE,vase,jar,0,"['it', 'is', 'tall', '-er']",4,it is tall -er,train,test,train,test,"[1, 23, 7, 53, 9, 2, 0, 0, 0, 0, 0, 0, 0, 0, 0, 0, 0, 0]"
user_1286,it is taller,3MH9DQ757Y5NGPDVHVEF0YZU4DDGUR,31,noisy_pc_6c7bcc925e7c6fdfb33495457ee36a49_sigma_0.055,vase,ShapeNet,bcb86164cb709371377f115011370864,vase,ShapeNet,FALSE,vase/ShapeNet/bcb86164cb709371377f115011370864,100pcPerClassOutput/vase/sigma_0.055/noisy_pc_6c7bcc925e7c6fdfb33495457ee36a49_sigma_0.055.npz,TRUE,jar,jar,0,"['it', 'is', 'tall', '-er']",4,it is tall -er,train,test,train,test,"[1, 23, 7, 53, 9, 2, 0, 0, 0, 0, 0, 0, 0, 0, 0, 0, 0, 0]"
user_266,There are more flowers in it.,31QNSG6A5TM6PZVHLP9GYT4C8J9786,41,noisy_pc_dfebdbe996e582f453b5e86c4b574a4b_sigma_0.055,vase,ShapeNet,30b7bc199de66fc57eaeab1f0c9120b7,vase,ShapeNet,FALSE,vase/ShapeNet/30b7bc199de66fc57eaeab1f0c9120b7,100pcPerClassOutput/vase/sigma_0.055/noisy_pc_dfebdbe996e582f453b5e86c4b574a4b_sigma_0.055.npz,TRUE,jar,jar,0,"['there', 'are', 'more', 'flowers', 'in', 'it']",6,there are more flowers in it,train,test,train,test,"[1, 15, 16, 34, 147, 90, 23, 2, 0, 0, 0, 0, 0, 0, 0, 0, 0, 0]"
user_757,the mouth is much smaller,3OLQQLKKNUIGIV6AZ1KDTT57AHNEJZ,59,noisy_pc_vase_0227_sigma_0.055,vase,ModelNet,e8a0fca9bfb4422cff3ef8f363b2cc43,vase,ShapeNet,FALSE,vase/ShapeNet/e8a0fca9bfb4422cff3ef8f363b2cc43,100pcPerClassOutput/vase/sigma_0.055/noisy_pc_vase_0227_sigma_0.055.npz,FALSE,jar,vase,0,"['the', 'mouth', 'is', 'much', 'small', '-er']",6,the mouth is much small -er,train,test,train,test,"[1, 10, 175, 7, 59, 111, 9, 2, 0, 0, 0, 0, 0, 0, 0, 0, 0, 0]"
user_266,There's a handle.,37W3JXSD6810UKN061FMPMRVUPJWY9,59,noisy_pc_d3978e26d3e0d773b3ffb0c309689ebd_sigma_0.055,vase,ShapeNet,4b5cfef99f228397cf0c9e00a1c0d141,vase,ShapeNet,FALSE,vase/ShapeNet/4b5cfef99f228397cf0c9e00a1c0d141,100pcPerClassOutput/vase/sigma_0.055/noisy_pc_d3978e26d3e0d773b3ffb0c309689ebd_sigma_0.055.npz,FALSE,jar,jar,0,"['there', 'is', 'a', 'handle']",4,there is a handle,train,test,train,test,"[1, 15, 7, 26, 29, 2, 0, 0, 0, 0, 0, 0, 0, 0, 0, 0, 0, 0]"
user_266,The lips are not curvy.,3ATTHHXXWCHTTKDLCOP55HBED8OXIU,67,noisy_pc_vase_0081_sigma_0.055,vase,ModelNet,4f52256337d0d4a4c6e7cc40a98a4ef5,vase,ShapeNet,FALSE,vase/ShapeNet/4f52256337d0d4a4c6e7cc40a98a4ef5,100pcPerClassOutput/vase/sigma_0.055/noisy_pc_vase_0081_sigma_0.055.npz,FALSE,jar,vase,0,"['the', 'lips', 'are', 'not', 'curvy']",5,the lips are not curvy,train,test,train,test,"[1, 10, 1703, 16, 40, 179, 2, 0, 0, 0, 0, 0, 0, 0, 0, 0, 0, 0]"
user_266,It has a handle.,3FTOP5WARHHHR5RGRULY8433GGY0JK,817,noisy_pc_8872d686186924e6c8724d5673a063a6_sigma_0.055,vase,ShapeNet,e4a868a10e10dda4befcf48d5b3e17b5,vase,ShapeNet,FALSE,vase/ShapeNet/e4a868a10e10dda4befcf48d5b3e17b5,100pcPerClassOutput/vase/sigma_0.055/noisy_pc_8872d686186924e6c8724d5673a063a6_sigma_0.055.npz,TRUE,jar,jar,0,"['it', 'has', 'a', 'handle']",4,it has a handle,test,test,test,test,"[1, 23, 24, 26, 29, 2, 0, 0, 0, 0, 0, 0, 0, 0, 0, 0, 0, 0]"
user_920,The target's body is not solid.,3JZQSN0I3S3YX7G5M6JGEYYRUQMFGF,124,noisy_pc_a32fd1283c58bebda7f0dc86456c3021_sigma_0.055,vase,ShapeNet,63447253a06727004725f67267e31c89,vase,ShapeNet,FALSE,vase/ShapeNet/63447253a06727004725f67267e31c89,100pcPerClassOutput/vase/sigma_0.055/noisy_pc_a32fd1283c58bebda7f0dc86456c3021_sigma_0.055.npz,FALSE,jar,jar,0,"['the', 'target', ""'s"", 'body', 'is', 'not', 'solid']",7,the target 's body is not solid,test,test,test,test,"[1, 10, 11, 12, 45, 7, 40, 291, 2, 0, 0, 0, 0, 0, 0, 0, 0, 0]"
user_2100,The item has a shiny finish,3PDJHANYK79GEAI55JYU5SXFGQSH67,120,noisy_pc_94f4ad8b9ef500221952fef39dab6347_sigma_0.055,vase,ShapeNet,8c6d7ad2b0674bd61952fef39dab6347,vase,ShapeNet,FALSE,vase/ShapeNet/8c6d7ad2b0674bd61952fef39dab6347,100pcPerClassOutput/vase/sigma_0.055/noisy_pc_94f4ad8b9ef500221952fef39dab6347_sigma_0.055.npz,TRUE,jar,jar,0,"['the', 'item', 'has', 'a', 'shiny', 'finish']",6,the item has a shiny finish,train,test,train,test,"[1, 10, 1355, 24, 26, 1765, 1766, 2, 0, 0, 0, 0, 0, 0, 0, 0, 0, 0]"
user_272,It has a smaller mouth.,3TVSS0C0E3T4DYO6WVSNH5ZGFNWTWC,47,noisy_pc_vase_0255_sigma_0.055,vase,ModelNet,9097ce398b9700a27e561f865dc44fc5,vase,ShapeNet,FALSE,vase/ShapeNet/9097ce398b9700a27e561f865dc44fc5,100pcPerClassOutput/vase/sigma_0.055/noisy_pc_vase_0255_sigma_0.055.npz,FALSE,jar,vase,0,"['it', 'has', 'a', 'small', '-er', 'mouth']",6,it has a small -er mouth,train,test,train,test,"[1, 23, 24, 26, 111, 9, 175, 2, 0, 0, 0, 0, 0, 0, 0, 0, 0, 0]"
user_266,It's shorter.,33C7UALJVNRSEDGFW9S7XJDZ5X318X,1667,noisy_pc_vase_0082_sigma_0.055,vase,ModelNet,6bc426e7226f6f22362d7fcfd32ff15d,vase,ShapeNet,FALSE,vase/ShapeNet/6bc426e7226f6f22362d7fcfd32ff15d,100pcPerClassOutput/vase/sigma_0.055/noisy_pc_vase_0082_sigma_0.055.npz,TRUE,jar,vase,0,"['it', 'is', 'short', '-er']",4,it is short -er,test,test,test,test,"[1, 23, 7, 8, 9, 2, 0, 0, 0, 0, 0, 0, 0, 0, 0, 0, 0, 0]"
user_266,The mouth is bigger.,3IFS6Q0HJKCLX3RMIEJI69UMYTQSIL,45,noisy_pc_dddd30f41cd6543e25e65d4b5f3b6456_sigma_0.055,vase,ShapeNet,ee10db30b91b9683f9215f842248bc25,vase,ShapeNet,FALSE,vase/ShapeNet/ee10db30b91b9683f9215f842248bc25,100pcPerClassOutput/vase/sigma_0.055/noisy_pc_dddd30f41cd6543e25e65d4b5f3b6456_sigma_0.055.npz,FALSE,jar,jar,0,"['the', 'mouth', 'is', 'big', '-er']",5,the mouth is big -er,train,test,train,test,"[1, 10, 175, 7, 320, 9, 2, 0, 0, 0, 0, 0, 0, 0, 0, 0, 0, 0]"
user_266,The foot is shaped like a square.,3E337GFOLB1ALZTMKU2TM370WHLNG7,38,noisy_pc_vase_0109_sigma_0.055,vase,ModelNet,9c06b546a29ccb2f2c27670a86683659,vase,ShapeNet,FALSE,vase/ShapeNet/9c06b546a29ccb2f2c27670a86683659,100pcPerClassOutput/vase/sigma_0.055/noisy_pc_vase_0109_sigma_0.055.npz,TRUE,jar,vase,0,"['the', 'foot', 'is', 'shaped', 'like', 'a', 'square']",7,the foot is shaped like a square,val,test,val,test,"[1, 10, 1251, 7, 14, 35, 26, 50, 2, 0, 0, 0, 0, 0, 0, 0, 0, 0]"
user_266,The neck has seven rings around it.,3PW9OPU9PSDHSYEQGSJ6NS0WJXC21W,58,noisy_pc_8661762e0da6a8a29d3d767e1bc88d65_sigma_0.055,vase,ShapeNet,vase_0440,vase,ModelNet,FALSE,vase/ModelNet/vase_0440,100pcPerClassOutput/vase/sigma_0.055/noisy_pc_8661762e0da6a8a29d3d767e1bc88d65_sigma_0.055.npz,TRUE,vase,jar,0,"['the', 'neck', 'has', 'seven', 'rings', 'around', 'it']",7,the neck has seven rings around it,train,test,train,test,"[1, 10, 509, 24, 1007, 290, 239, 23, 2, 0, 0, 0, 0, 0, 0, 0, 0, 0]"
user_266,It's taller.,3K9FOBBF2JCQ7R7NVLZ9ZVC8SY8NLE,46,noisy_pc_vase_0323_sigma_0.055,vase,ModelNet,12ec19e85b31e274725f67267e31c89,vase,ShapeNet,FALSE,vase/ShapeNet/12ec19e85b31e274725f67267e31c89,100pcPerClassOutput/vase/sigma_0.055/noisy_pc_vase_0323_sigma_0.055.npz,FALSE,jar,vase,0,"['it', 'is', 'tall', '-er']",4,it is tall -er,test,test,test,test,"[1, 23, 7, 53, 9, 2, 0, 0, 0, 0, 0, 0, 0, 0, 0, 0, 0, 0]"
user_266,It's taller.,3J2UYBXQQN553AC97BR9Z0YYUAB60H,100,noisy_pc_67b6b40050bdc870e43df8c9a38bf11b_sigma_0.055,vase,ShapeNet,a2da2f83adf04371d680196133d8b70f,vase,ShapeNet,FALSE,vase/ShapeNet/a2da2f83adf04371d680196133d8b70f,100pcPerClassOutput/vase/sigma_0.055/noisy_pc_67b6b40050bdc870e43df8c9a38bf11b_sigma_0.055.npz,FALSE,jar,jar,0,"['it', 'is', 'tall', '-er']",4,it is tall -er,train,test,train,test,"[1, 23, 7, 53, 9, 2, 0, 0, 0, 0, 0, 0, 0, 0, 0, 0, 0, 0]"
user_272,It has a wider mouth.,3PJUZCGDJ89A3IJA0M70CPVI39Z98M,60,noisy_pc_vase_0336_sigma_0.055,vase,ModelNet,vase_0121,vase,ModelNet,FALSE,vase/ModelNet/vase_0121,100pcPerClassOutput/vase/sigma_0.055/noisy_pc_vase_0336_sigma_0.055.npz,FALSE,vase,vase,0,"['it', 'has', 'a', 'wide', '-er', 'mouth']",6,it has a wide -er mouth,train,test,train,test,"[1, 23, 24, 26, 83, 9, 175, 2, 0, 0, 0, 0, 0, 0, 0, 0, 0, 0]"
user_266,The mouth is round.,3UXUOQ9OKGQK8NOWINTUUKA7Y78A7C,66,noisy_pc_vase_0450_sigma_0.055,vase,ModelNet,275cc21fad6aa1b6bfa78a7d067c469c,vase,ShapeNet,FALSE,vase/ShapeNet/275cc21fad6aa1b6bfa78a7d067c469c,100pcPerClassOutput/vase/sigma_0.055/noisy_pc_vase_0450_sigma_0.055.npz,FALSE,jar,vase,0,"['the', 'mouth', 'is', 'round']",4,the mouth is round,test,test,test,test,"[1, 10, 175, 7, 134, 2, 0, 0, 0, 0, 0, 0, 0, 0, 0, 0, 0, 0]"
user_965,It is not cylinder vase,3KAKFY4PGWVHDM67SZIHY1MA6DOI3G,421,noisy_pc_vase_0040_sigma_0.055,vase,ModelNet,8029c2527230111aad1d789f3b2120d0,vase,ShapeNet,FALSE,vase/ShapeNet/8029c2527230111aad1d789f3b2120d0,100pcPerClassOutput/vase/sigma_0.055/noisy_pc_vase_0040_sigma_0.055.npz,FALSE,jar,vase,0,"['it', 'is', 'not', 'cylinder', 'vase']",5,it is not cylinder vase,train,test,train,test,"[1, 23, 7, 40, 66, 534, 2, 0, 0, 0, 0, 0, 0, 0, 0, 0, 0, 0]"
user_266,The plants are more straggly.,3M0NZ3JDP3R6MRIL6MUWDTNKGMK5ZT,50,noisy_pc_84a8a8a36901d3c4500158c23c4c5a8e_sigma_0.055,vase,ShapeNet,4d054c0a0c2fd8e4503adffe35460705,vase,ShapeNet,FALSE,vase/ShapeNet/4d054c0a0c2fd8e4503adffe35460705,100pcPerClassOutput/vase/sigma_0.055/noisy_pc_84a8a8a36901d3c4500158c23c4c5a8e_sigma_0.055.npz,TRUE,jar,jar,0,"['the', 'plants', 'are', 'more', 'straggly']",5,the plants are more straggly,train,test,train,test,"[1, 10, 830, 16, 34, 1770, 2, 0, 0, 0, 0, 0, 0, 0, 0, 0, 0, 0]"
user_556,The mouth opening is bigger.,386CSBG1O1FTR3H8O9LOE6PG7ER6QX,215,noisy_pc_56f7b662be65b7824725f67267e31c89_sigma_0.055,vase,ShapeNet,6c7bcc925e7c6fdfb33495457ee36a49,vase,ShapeNet,FALSE,vase/ShapeNet/6c7bcc925e7c6fdfb33495457ee36a49,100pcPerClassOutput/vase/sigma_0.055/noisy_pc_56f7b662be65b7824725f67267e31c89_sigma_0.055.npz,TRUE,jar,jar,0,"['the', 'mouth', 'opening', 'is', 'big', '-er']",6,the mouth opening is big -er,test,test,test,test,"[1, 10, 175, 197, 7, 320, 9, 2, 0, 0, 0, 0, 0, 0, 0, 0, 0, 0]"
user_704,Its width varies more erratically.,3P4MQ7TPPZ5CT9WE1I56UXG9ZF0BBA,69,noisy_pc_763474ce228585bf687ad2cd85bde80a_sigma_0.055,vase,ShapeNet,vase_0516,vase,ModelNet,FALSE,vase/ModelNet/vase_0516,100pcPerClassOutput/vase/sigma_0.055/noisy_pc_763474ce228585bf687ad2cd85bde80a_sigma_0.055.npz,TRUE,vase,jar,0,"['its', 'width', 'varies', 'more', 'erratically']",5,its width varies more erratically,train,test,train,test,"[1, 5, 358, 1546, 34, 1826, 2, 0, 0, 0, 0, 0, 0, 0, 0, 0, 0, 0]"
user_266,There are plants in it.,3S06PH7KSTX4V8C6DH3NJBR0GO2D1H,60,noisy_pc_e9462bac4a8f334369df8a5173959bca_sigma_0.055,vase,ShapeNet,70367e4fd1ad753427eb00c151c6f711,vase,ShapeNet,FALSE,vase/ShapeNet/70367e4fd1ad753427eb00c151c6f711,100pcPerClassOutput/vase/sigma_0.055/noisy_pc_e9462bac4a8f334369df8a5173959bca_sigma_0.055.npz,FALSE,jar,jar,0,"['there', 'are', 'plants', 'in', 'it']",5,there are plants in it,train,test,train,test,"[1, 15, 16, 830, 90, 23, 2, 0, 0, 0, 0, 0, 0, 0, 0, 0, 0, 0]"
user_266,"It doesn't say ""Potitos"" on top.",3H8DHMCCWB4619YSLR95OQNZPU5KDU,55,noisy_pc_de61c6f2300249f45dc9e54641a3f5bb_sigma_0.055,vase,ShapeNet,dde696b23a0fa0d01529e78b4656a338,vase,ShapeNet,FALSE,vase/ShapeNet/dde696b23a0fa0d01529e78b4656a338,100pcPerClassOutput/vase/sigma_0.055/noisy_pc_de61c6f2300249f45dc9e54641a3f5bb_sigma_0.055.npz,TRUE,jar,jar,0,"['it', 'does', 'not', 'say', 'potato', 'on', 'top']",7,it does not say potato on top,train,test,train,test,"[1, 23, 39, 40, 1856, 1857, 20, 99, 2, 0, 0, 0, 0, 0, 0, 0, 0, 0]"
user_266,The mouth is hexagonal.,3AAJC4I4FILETQX6VOYQE36PYNEJZS,57,noisy_pc_49f9a29866f0177bcc4cd6c58bd35c0c_sigma_0.055,vase,ShapeNet,vase_0165,vase,ModelNet,FALSE,vase/ModelNet/vase_0165,100pcPerClassOutput/vase/sigma_0.055/noisy_pc_49f9a29866f0177bcc4cd6c58bd35c0c_sigma_0.055.npz,TRUE,vase,jar,0,"['the', 'mouth', 'is', 'hexagonal']",4,the mouth is hexagonal,train,test,train,test,"[1, 10, 175, 7, 642, 2, 0, 0, 0, 0, 0, 0, 0, 0, 0, 0, 0, 0]"
user_819,There is no lid.,3LQ8PUHQFNLW7UD67K7J2VNKPIRIH8,339,noisy_pc_93fa7a1e2aff0b84154dddaf2978e13f_sigma_0.055,vase,ShapeNet,f8f5f60f804f0cb32ca2d100d9fc2f99,vase,ShapeNet,FALSE,vase/ShapeNet/f8f5f60f804f0cb32ca2d100d9fc2f99,100pcPerClassOutput/vase/sigma_0.055/noisy_pc_93fa7a1e2aff0b84154dddaf2978e13f_sigma_0.055.npz,FALSE,jar,jar,0,"['there', 'is', 'no', 'lid']",4,there is no lid,train,test,train,test,"[1, 15, 7, 123, 1715, 2, 0, 0, 0, 0, 0, 0, 0, 0, 0, 0, 0, 0]"
user_266,The mouth is bigger.,3D8YOU6S9GDLJWOP5I5TO7M5AZI6UN,64,noisy_pc_vase_0481_sigma_0.055,vase,ModelNet,b67d4f4361affd4d664b3b9b23ddfcbc,vase,ShapeNet,FALSE,vase/ShapeNet/b67d4f4361affd4d664b3b9b23ddfcbc,100pcPerClassOutput/vase/sigma_0.055/noisy_pc_vase_0481_sigma_0.055.npz,TRUE,jar,vase,0,"['the', 'mouth', 'is', 'big', '-er']",5,the mouth is big -er,train,test,train,test,"[1, 10, 175, 7, 320, 9, 2, 0, 0, 0, 0, 0, 0, 0, 0, 0, 0, 0]"
user_427,"The target has a thicker lip,",33FBRBDW6QSC1GQDC6HREFWQ9UFC8J,72,noisy_pc_vase_0126_sigma_0.055,vase,ModelNet,31c50baef63a3cd0b64920759fcc80ba,vase,ShapeNet,FALSE,vase/ShapeNet/31c50baef63a3cd0b64920759fcc80ba,100pcPerClassOutput/vase/sigma_0.055/noisy_pc_vase_0126_sigma_0.055.npz,TRUE,jar,vase,0,"['the', 'target', 'has', 'a', 'thick', '-er', 'lip']",7,the target has a thick -er lip,test,test,test,test,"[1, 10, 11, 24, 26, 54, 9, 125, 2, 0, 0, 0, 0, 0, 0, 0, 0, 0]"
user_203,The mouth has a bigger diameter.,3WJ1OXY92C9O81TFSSL08K629RW8AF,132,noisy_pc_vase_0278_sigma_0.055,vase,ModelNet,e81b2e879acd96f5664b3b9b23ddfcbc,vase,ShapeNet,FALSE,vase/ShapeNet/e81b2e879acd96f5664b3b9b23ddfcbc,100pcPerClassOutput/vase/sigma_0.055/noisy_pc_vase_0278_sigma_0.055.npz,FALSE,jar,vase,0,"['the', 'mouth', 'has', 'a', 'big', '-er', 'diameter']",7,the mouth has a big -er diameter,test,test,test,test,"[1, 10, 175, 24, 26, 320, 9, 268, 2, 0, 0, 0, 0, 0, 0, 0, 0, 0]"